Name,Email,Phone,Age
Tommy Allison,kac@hogelu.org,(530) 714-8288,34
Austin Elliott,jihdag@luvaddo.de,(361) 889-5884,21
Rosie Joseph,suufu@zapa.tz,(728) 841-7631,56
Edwin Douglas,vo@urniphuw.ni,(351) 731-7707,47
Brian Ortega,gakig@otu.eh,(416) 534-5939,44
Larry Robbins,de@johucew.bv,(767) 752-1906,49
Jerome Lambert,ohoda@kutahe.fr,(968) 659-4495,52
Victor Myers,jazlu@ciad.br,(919) 622-6059,21
Gavin Perry,ulodoaso@wu.af,(535) 864-7689,19
Lida Schultz,luugu@cowlutaw.pw,(456) 353-2191,56
Stanley Harris,ca@gisladma.gi,(855) 678-9125,19
Charlie Lindsey,wadte@laaba.ki,(838) 358-4732,63
Christopher Douglas,po@ka.bg,(410) 430-4108,34
Lula Nguyen,wofrazo@to.gov,(688) 764-9952,38
Elijah Waters,koh@talu.gov,(522) 635-4160,52
Miguel Alvarado,kagig@epboima.al,(435) 769-4902,63
Thomas Hayes,hawjir@ci.jp,(946) 512-6681,46
Georgie Gordon,hircokal@fofawad.si,(866) 522-6741,30
Peter Moss,publiv@nakwef.ac,(380) 367-4456,64
Willie Rice,anuij@podpuz.ar,(804) 618-3931,24
Aaron Simon,fol@litarife.uy,(528) 428-6970,23
Herbert Stevens,zoj@ga.va,(925) 602-3202,18
Jon Weaver,apusonmut@dabewliw.tz,(455) 378-7120,40
Jason Collins,ro@ke.mg,(663) 506-7208,42
Scott Christensen,sohe@urcurif.tf,(525) 954-3661,38
Douglas Walters,baroan@pi.gov,(605) 498-8344,51
Vera McCoy,bocmezule@te.ye,(659) 441-1618,29
Mathilda Pearson,pogu@guk.edu,(629) 394-7816,63
Seth Cohen,jaiwsel@ona.au,(934) 419-8120,43
Eva Perry,co@sek.gh,(942) 780-3857,18
Mina Martinez,gesepja@tojife.sc,(572) 326-5867,42
Ruby Saunders,enejo@pubsiw.ls,(317) 258-4063,50
Lillie Wallace,mogevu@zer.iq,(359) 308-1093,61
Lela Little,ud@tuboki.ec,(911) 831-8450,61
Leona Wong,ijidid@ehpes.eu,(210) 871-7111,55
Edith Montgomery,nubsi@zigud.ax,(665) 680-2163,63
Edwin James,ukaja@uwozu.pk,(260) 318-5249,42
Cordelia Dawson,sot@am.be,(965) 394-6023,63
Adeline Figueroa,amparat@zipci.ng,(243) 820-3530,35
Harvey Craig,dizuweji@eh.tl,(780) 782-7089,53
Katie Jefferson,dirsik@zulun.mx,(769) 522-1524,46
David Lowe,vouj@paanvem.id,(375) 258-9399,62
Bettie Nelson,han@umi.ge,(614) 846-9797,44
Lucy Baker,koc@laziak.gg,(952) 749-1004,39
Brandon Tyler,tokozmar@sa.cv,(466) 897-5839,55
Miguel Caldwell,non@ofugavu.ug,(437) 962-6848,48
Kate Aguilar,gognu@luk.af,(310) 682-1695,44
Raymond Rice,ni@hobivawit.pt,(713) 839-2111,41
Ida Drake,ecacuzsug@ulojilo.ky,(688) 214-1636,54
Carrie Farmer,narzib@zoese.pn,(953) 951-8903,58
Chester Rogers,hakelbe@ocac.us,(437) 509-2101,56
Jordan Ryan,la@guvtuowa.co.uk,(939) 477-8474,59
Lucas Lloyd,noviv@ajwisofu.mr,(368) 887-2749,41
Caroline Harvey,homcobiv@buhtesa.fr,(841) 215-7027,18
Anthony Ball,cab@kimoenu.ax,(941) 474-8444,28
Evan Cooper,da@ventog.ps,(701) 202-6838,37
Adrian White,zawfonul@vaniwpi.ci,(689) 454-2535,53
Nelle Hansen,covde@ozalu.gl,(550) 335-2711,34
Mable Duncan,ih@kavlem.gq,(802) 769-2962,54
Lucinda Abbott,jenetic@fov.bg,(988) 784-3897,25
Eddie Saunders,wasle@tal.mz,(740) 376-6292,23
Sylvia Martinez,oma@popro.tl,(557) 534-9502,47
Sue Ferguson,wasceki@hotogfuh.mc,(558) 839-6695,64
Bettie Marsh,fu@no.nr,(607) 990-8686,61
Madge Weaver,fa@tab.zw,(235) 322-6059,52
Cole Saunders,lojevur@duz.vc,(703) 473-8008,33
Bess Washington,nim@nael.fm,(536) 866-9244,63
Myra Graves,pijni@lapji.gw,(674) 843-7512,25
Charlotte Gutierrez,let@suwuuke.io,(368) 520-2798,30
Hilda Gray,gubkav@to.hr,(562) 398-3982,29
Lloyd Keller,ta@ib.uy,(733) 436-1947,44
Ray Spencer,kipif@ho.cl,(379) 392-5292,30
Hunter Robinson,logubigaw@dalol.eh,(662) 964-8592,36
Sophia Norman,usi@hahvu.bm,(962) 558-2308,46
Amelia Leonard,la@faafilur.mu,(435) 343-3623,42
Rose Goodwin,aze@lodhace.sn,(250) 851-1524,38
Gavin Blair,ocojuge@semkufzi.pe,(768) 361-8848,42
Dorothy Morrison,neselod@hirvih.io,(743) 243-8226,41
Abbie Maxwell,fak@boffuctet.yt,(664) 613-7558,54
Mabelle Vargas,zeanga@tuga.hk,(409) 530-1501,30
Violet Medina,ravalmi@hew.ma,(226) 649-7049,23
Cody Zimmerman,gumzeif@heptukti.sm,(804) 648-2948,57
Nicholas Andrews,wed@ofe.vg,(676) 735-5073,42
Nannie Guerrero,ofuigci@vuh.sc,(627) 707-2143,23
Steven Cobb,buzjov@ama.ng,(826) 435-7564,62
Willie Young,col@bojtotu.jm,(277) 913-3192,39
Tony Parker,caz@jeg.sc,(250) 684-7239,60
Andrew Salazar,kahoku@cudkozbul.np,(486) 880-2669,24
Cole Henry,fujipuwor@wed.kh,(389) 967-1722,65
Harriett Wagner,inaha@humfot.mp,(989) 982-2220,42
Justin Rodgers,opesebi@zok.nr,(537) 883-1070,23
Ina Green,gucat@re.tr,(561) 575-7512,26
Bradley Goodwin,jezmazo@kaic.gd,(815) 584-9435,49
Blanche Marshall,levri@fokori.tj,(254) 891-1275,46
Emilie Saunders,metci@zije.ba,(430) 981-2442,43
Sadie Matthews,nitmih@ifieco.co,(818) 355-5609,50
Trevor Edwards,kier@hisdu.sc,(423) 494-5696,18
Ethel Parks,vuje@nelarsok.gq,(358) 490-3752,43
Melvin King,sep@kifgidih.jm,(865) 256-4600,44
Juan Zimmerman,uw@duzmonlid.mv,(481) 502-9870,31
Mae Valdez,upuoda@fimelu.bz,(970) 643-6673,45
Hilda Schultz,upebowuj@lohjo.ao,(474) 359-7360,22
Leonard Hansen,cib@zaglit.ao,(355) 353-6691,50
Sadie Maxwell,uhi@kamju.ae,(367) 263-1588,25
Gerald Tucker,mibu@ovekgo.ca,(669) 392-3810,49
Aiden Harrington,hermeczo@ilalec.bz,(236) 739-4957,45
Roy Morrison,iviwus@fugko.fo,(277) 457-4096,26
Cynthia Harrison,parhic@maku.mx,(719) 714-1692,55
Ian Cortez,woja@ki.my,(641) 826-6796,47
Cynthia Silva,um@epipa.kn,(684) 878-1517,18
Loretta Casey,lo@penfumer.py,(812) 303-6122,19
Leo Wells,nasova@ac.hu,(515) 435-8659,55
Travis Ramos,pa@tevpi.so,(253) 970-1722,59
Eunice Webster,dorofin@jus.no,(948) 977-2322,37
Norman Saunders,murlo@fucuteca.ps,(348) 208-8972,54
Fanny Ellis,sacizsus@gaiw.by,(204) 757-1651,50
Janie Waters,taopvo@jafom.uz,(610) 622-3411,24
Linnie Roberts,ejiceri@muvbane.kg,(787) 677-9242,64
Gary Rodriquez,demar@muz.vn,(337) 469-8990,63
Clayton Harris,hus@garajbaf.cv,(964) 291-2538,26
Dollie Terry,ra@ma.pa,(821) 717-3624,40
Rachel Obrien,eloponabi@pahukgi.uz,(904) 647-1877,59
Christina Cortez,lakobuvo@covoko.cx,(703) 731-8422,27
Louis Holloway,iwobuliw@nek.ve,(850) 409-5592,24
Sylvia Cohen,kegila@do.tc,(379) 241-2284,19
Victoria Mann,ojfe@raviw.se,(266) 738-3434,20
Kathryn Snyder,caffut@on.fi,(378) 455-5239,26
Jessie Fletcher,osuac@hav.lv,(377) 855-8067,39
Tony Moreno,he@heta.gh,(315) 448-5324,57
Frances Santos,kit@daewa.ly,(705) 590-8538,53
Esther Riley,rusoma@dep.co,(466) 836-7504,61
Shawn Weaver,wec@da.gn,(436) 291-8310,38
Leila Paul,nev@re.ye,(422) 278-8814,38
Alice Barrett,vogweiwe@mib.mv,(564) 685-2372,65
Ruby Reed,becizu@zor.ge,(435) 578-6279,47
Hattie Morgan,ridmivod@hekmaj.ps,(784) 631-3257,34
Lily Graham,aw@omawugan.wf,(203) 346-8644,61
Craig Norman,dejibrut@muorbe.zw,(959) 885-4532,21
Edwin Fowler,sebcazoj@bulteju.com,(600) 342-8287,55
Curtis Park,nuspaeve@bitizhad.io,(212) 505-5280,48
Lydia Jennings,ji@akidaj.et,(642) 893-3494,43
Harriett Barnes,ivepek@fahujil.co,(784) 465-9688,53
Russell Phillips,nomnasog@kudiv.tc,(337) 924-8867,61
Janie Gibbs,guovonu@miszi.gg,(755) 238-9288,25
Madge Young,zofovur@zomouf.bg,(362) 561-4968,58
Lucy Willis,cid@jar.km,(440) 661-4665,30
Kathryn Valdez,leowut@kuejeh.jm,(807) 895-5456,34
Leroy Webster,dutosgi@takponro.iq,(307) 439-5928,58
Leonard Guzman,dim@lofzofi.il,(717) 362-5304,37
Kate Cook,efbuc@darnar.nf,(208) 412-4357,32
Nancy Maldonado,pemuw@jo.lv,(320) 889-2555,62
Donald Henry,runbe@losisa.gov,(673) 734-8373,57
Carrie Gonzalez,tutocha@ditapihe.br,(746) 429-7455,32
Douglas Summers,lecidim@sopip.al,(274) 964-8200,61
Marie Wagner,tu@mepahvut.lk,(727) 840-7945,30
Elmer Abbott,iduminvo@etuojre.it,(233) 280-7170,36
Austin Cross,jafdu@cohe.ir,(369) 370-4224,27
Zachary Gibbs,gitup@zelsullob.uy,(708) 974-8134,18
Pearl Patterson,ulja@kepkuzec.lb,(677) 538-1823,21
Mike Turner,azsutliv@ro.ge,(677) 422-5487,47
Esther Bishop,saozen@nigivlav.tc,(606) 599-6639,41
Abbie Coleman,bivobpu@so.vg,(504) 631-7534,50
Johnny Warren,bela@nudeb.ps,(471) 674-6779,40
Phillip Mendoza,vujmak@nawninu.af,(259) 813-5276,63
Caleb Parsons,guewi@soh.dz,(421) 906-5337,21
Lizzie Walker,neitocu@hufanez.ki,(655) 590-4235,26
Jon Barton,emjo@feni.kz,(760) 404-6811,42
Howard Reynolds,pir@bacevehif.pa,(953) 644-4894,59
Sadie Gross,luziz@ce.bt,(713) 587-7533,32
Anthony Matthews,uda@lofamu.pk,(507) 366-6923,46
Marian Mills,mohizu@ivguja.pn,(728) 554-7263,56
Ollie Walker,odufanug@rofih.cy,(747) 266-5105,47
Mable Lawrence,fu@joves.pt,(524) 498-6164,34
Bruce Rivera,tafwon@feg.aw,(933) 967-9340,48
Trevor Simpson,go@ozdahar.mc,(577) 678-1320,53
May Chavez,gegfecisu@cavos.tr,(619) 771-8429,27
Christian Nichols,ap@ka.gl,(281) 210-4590,64
Christian Becker,hivra@aj.ba,(320) 624-3749,59
Maurice Collier,lu@peahi.mq,(373) 342-7986,49
Eliza Bennett,duruf@ile.be,(489) 498-6858,26
Lillian Berry,ehaaw@fa.aw,(623) 883-6523,23
Thomas Williamson,ligtu@kejuz.st,(880) 528-2068,55
Miguel Nelson,tabse@su.gs,(707) 390-2302,65
Isabella Lynch,gag@vael.qa,(852) 501-6493,23
Mason Malone,wo@tutowbo.sa,(841) 843-6908,37
Ryan Nguyen,lofcef@me.ck,(819) 899-8584,42
Jennie Newman,bor@kapetin.dk,(433) 282-5499,21
Eunice Gill,solpu@dane.np,(275) 848-4880,55
Martha Norman,bor@gizel.gf,(885) 970-3153,40
Helena Weber,sohahe@ekifuco.mq,(844) 565-6679,51
Leon Keller,erlauma@gizhaknav.dk,(358) 424-9372,40
Terry Gray,ba@pofcate.lv,(908) 937-6862,49
Vernon Harvey,virnofcit@wep.bi,(921) 235-1218,22
Chris Hamilton,ved@volrolok.sv,(343) 758-4774,41
Etta Beck,mojlucsil@ufe.ai,(863) 328-9378,31
Charles Jackson,micpeen@nomec.an,(745) 636-3941,61
Marvin Castro,joc@causi.iq,(306) 802-9022,53
Lois Warren,haw@kegac.ht,(765) 843-7072,33
Rhoda Moody,labas@varrifu.kg,(450) 259-5281,32
Lawrence Patterson,uganmar@el.ar,(407) 761-9278,40
Belle Griffin,puibi@hudbigza.cg,(452) 643-4357,22
Mathilda Silva,dit@gukohlim.dj,(765) 585-8322,62
Effie Jensen,jol@pickifu.hn,(440) 981-5329,65
Mae Reyes,bucsume@umruri.ls,(338) 238-4419,52
Mittie Wallace,ow@ega.ni,(538) 503-6725,29
Edna Simon,jakjugug@ripurziw.pg,(983) 269-7661,30
Herbert Lambert,ebihakiw@uza.aq,(904) 604-3597,56
Belle McDaniel,vajvitic@wumul.pw,(800) 650-5970,38
Gerald Summers,rakahih@vav.ke,(275) 230-9012,58
Gavin Stanley,bed@ta.ee,(753) 977-5955,47
Myra Carroll,rihdora@naesabi.sl,(810) 384-6336,26
Jane Day,gob@penbima.tg,(704) 725-2291,61
Francis McLaughlin,kohko@pe.my,(884) 603-2989,39
Mabelle Nash,fur@kajwof.tc,(513) 917-5578,36
Harry Riley,jecik@gatco.cr,(872) 357-7411,30
Curtis Harrison,gum@pecned.za,(438) 658-6293,45
George Holt,uh@viji.af,(359) 488-3392,32
Pauline Delgado,lokbure@murnut.aq,(760) 297-7158,35
Alice Hunt,tecutho@tepu.sk,(528) 932-5020,33
Jayden Graves,ozonow@otokugag.hu,(879) 939-5991,31
Ella Collier,werehme@jim.np,(649) 911-1709,45
Wayne Morrison,va@asigug.cm,(401) 321-6468,31
Jeffrey Fleming,remzocho@tutta.bv,(371) 753-6189,34
Kevin Wood,dihzijzi@sizedo.pw,(249) 986-2371,63
Jorge Bowers,vivued@laguged.mh,(552) 399-7219,20
Carolyn Simon,vo@wi.th,(629) 210-5754,51
Tyler Ward,zetujako@dibka.ie,(800) 344-1688,59
Allen Walker,bujnoswa@ziwuipo.bh,(910) 405-4039,40
Katie Coleman,gubdo@fozcof.za,(518) 226-7888,22
Elva Fields,liirigid@zuvut.fi,(681) 591-2217,40
Tony Murphy,puzizbaj@nobo.gm,(748) 851-6515,18
Lucile Warren,pipe@vurjip.ua,(582) 322-8698,28
Caleb Patrick,zezuut@topofve.rw,(247) 535-4583,29
Eula Waters,hebud@rujeha.lu,(647) 955-4620,61
Martin Abbott,neb@lubam.no,(675) 531-9762,18
Bernard Barnett,fodsif@ruz.ly,(956) 997-7652,21
Richard Norton,iwjo@az.pg,(517) 269-5399,42
Ryan Powell,ru@vudabsa.fk,(244) 886-3976,24
Ian Potter,jivweji@et.mm,(675) 256-1410,43
Micheal Wells,uzuverol@oti.lr,(647) 833-2278,53
Cameron Boyd,zopmeh@paholzo.ls,(915) 923-1164,22
Virginia Bryant,igikid@kobon.sc,(328) 268-5960,41
Cora Robertson,uc@vispetrol.hn,(204) 988-3964,37
Mildred Hamilton,iswirwin@aruinita.sb,(983) 625-8421,62
Alexander Ramos,muf@cinodfe.al,(755) 299-3167,22
Devin Hamilton,li@izewuz.na,(279) 430-7149,23
Terry Patton,kot@ucdoh.tw,(903) 737-1849,47
Leila Rios,egjahuni@wucla.qa,(447) 921-9696,18
Christopher Rivera,hisises@gam.es,(650) 491-9785,58
Eleanor Gonzalez,ovecebzo@vuftu.vu,(408) 933-8550,48
Lura George,dauto@asege.yt,(673) 254-8507,30
Lula Hicks,muhiz@ma.bz,(228) 567-5924,36
Lewis Gilbert,wuewe@gelika.hm,(271) 823-9897,60
Gavin Kim,guc@hu.sa,(312) 991-6002,39
Nicholas Bowers,vaenaci@so.tj,(317) 730-1866,33
Juan Bryant,midbihwi@hufci.sg,(883) 872-3396,54
Jason Mann,arafofuw@rufmez.gb,(222) 350-8690,18
Matthew Bailey,movso@acfib.mx,(431) 367-8338,46
Rachel Page,kegual@luozoom.pl,(584) 267-3492,58
Brett Reed,bif@kieruuv.gs,(383) 234-7965,60
Daniel Reese,bi@judso.kz,(355) 513-2204,41
Tommy Dean,ne@be.cw,(337) 453-4404,58
Herman Logan,heecve@ahaw.se,(780) 673-4571,36
Derek Roberts,reg@hobsid.hm,(205) 566-1492,22
Richard Lambert,isrudwah@pim.nc,(350) 533-6303,46
Clayton Harris,nuz@hepubhi.kh,(804) 763-4772,19
Devin McKinney,paf@rekamol.zw,(571) 397-5727,62
Ada Shelton,azles@zub.ir,(285) 432-4266,18
Ivan Gibbs,upnolhug@ubfera.cu,(310) 987-2792,50
Henrietta Russell,ezosuva@ufhaoj.by,(387) 727-9781,38
Ethel Parker,wupu@okpi.sr,(355) 797-4332,57
Herman Sherman,deda@er.org,(485) 686-7210,39
Essie Fields,cibeczot@elcitin.sg,(623) 893-5523,65
Celia Marsh,ik@wecebetu.gy,(654) 627-8879,52
Nelle Fleming,roluwa@ripgi.ng,(266) 506-4590,60
Gregory Poole,lezfe@sijodoc.net,(630) 752-9132,41
Sophia Schneider,su@poseg.et,(924) 922-2743,55
Hattie Moody,hecoj@duviog.cl,(679) 769-7335,65
Kathryn Matthews,geples@loc.gi,(749) 872-7575,37
Eric Nunez,vuhudavaj@vojhubun.net,(561) 860-2836,22
Sophia Walters,mi@hodtoitu.kh,(988) 244-4808,56
Ernest Lewis,iku@disa.gp,(381) 788-3238,36
Antonio Moody,nozotdem@kabuvohe.it,(268) 740-3367,34
Addie Hardy,ji@tuldaw.dm,(217) 666-9787,60
Lillie Flowers,sirju@wowi.pr,(906) 286-1519,28
Esther Drake,lahzedvo@lunvu.ua,(303) 500-4809,47
Gene Wong,wi@vob.sy,(861) 508-6372,26
Landon Lyons,buldug@sa.uz,(375) 340-5940,21
Marc Delgado,koozahun@obbuf.mu,(580) 769-4448,57
Willie James,nimhu@iwu.tm,(269) 641-4774,22
Caroline Lloyd,awasejih@ag.hr,(666) 324-6695,48
Franklin Manning,buekbeh@ibra.eg,(854) 646-3422,21
Alberta Jackson,fu@husro.gu,(948) 580-2549,19
David Christensen,ropov@suweur.mz,(977) 804-8602,55
Eleanor Martinez,romfu@husvujuf.us,(732) 952-8242,59
Rodney Bridges,suiw@vuihi.yt,(618) 244-3053,51
Jorge Sparks,zosfoh@fuwavi.gl,(206) 601-8811,39
Bertha Henry,rusilwah@zokka.mv,(824) 474-5262,47
Belle Logan,eloocuri@juza.vi,(238) 613-8946,35
Esther Glover,rinivehub@defudrit.ht,(243) 358-5053,26
Zachary Hammond,gajjol@nupsuti.ck,(809) 916-2351,24
Harry Garrett,ohiumi@epokfiv.mn,(473) 344-1453,54
Harriett Lambert,ceznubcoh@ahefufik.tg,(924) 348-6070,65
Christine Wilkerson,anoeg@wetawe.ca,(856) 698-4270,60
Hannah Davis,wir@hijizi.fj,(237) 642-1376,60
Luke Walsh,uthadigu@me.ni,(752) 689-5572,35
Sarah Lee,ojufuc@ubovetag.mr,(309) 316-3006,55
Isabella Lamb,cagifi@egimowat.jp,(735) 676-6757,63
Antonio Drake,liweva@misip.je,(376) 263-6732,32
Roy Sherman,ver@vieju.ag,(584) 463-8689,36
Maggie Henderson,mapvawfoj@tuj.mt,(915) 373-8549,60
Luis Hudson,ori@no.gd,(742) 913-3097,36
Jeremy Fletcher,no@gah.mm,(878) 712-3208,21
Mike Dunn,wu@ta.ai,(368) 210-1064,60
Stella Andrews,ode@osukeb.edu,(549) 690-8465,30
Addie Farmer,ivpefof@elco.sm,(608) 265-9950,59
Lewis White,guhapu@do.cv,(821) 794-3237,34
Cora Warren,kucutga@taerafu.aw,(303) 499-2236,59
Herbert Harvey,leh@oleuci.ro,(342) 924-4251,64
Sadie Morrison,ge@amiruzhih.nr,(581) 381-3337,37
Cordelia Hoffman,zuniwmud@ezi.be,(418) 620-5277,54
Gregory Nash,hurgus@wew.io,(921) 548-5175,41
Dominic Burgess,uteugka@dabpuswa.nc,(858) 879-2462,36
Ronald Butler,zi@piadawo.ua,(476) 439-4712,23
Cordelia Jensen,juwfizac@liwuav.nu,(282) 366-7648,65
Jayden Miller,vutece@lajwu.sy,(362) 918-5075,38
Randy Ramsey,kolaami@vu.za,(304) 530-3062,23
Craig White,gak@guf.af,(700) 451-3326,41
Verna Garza,buwumcok@hajhakgow.tk,(224) 725-9135,65
Henrietta Fernandez,bagwo@vasushul.ml,(486) 996-5630,42
Sally Barrett,muvapeli@zotakitap.org,(522) 547-3959,63
Stephen Wells,jolikpuf@bopajge.km,(354) 991-6048,37
Travis McCoy,ece@tolzi.bq,(654) 950-7809,55
Eugenia Long,vi@ivu.sz,(883) 676-3355,42
Effie Cobb,suhkigan@atu.bg,(785) 306-1758,23
Miguel Bennett,taftomaf@arvi.sz,(868) 258-3379,64
Evelyn Castro,taphonec@jas.om,(957) 931-4222,19
Adeline Mullins,edalovic@me.pa,(325) 599-4368,46
Jeremiah Barnes,kuvu@sa.bo,(867) 779-6589,43
Hattie Snyder,lug@aveat.et,(265) 815-2016,59
Gary Curry,ocos@sonwuzde.pa,(680) 665-6807,57
Virginia Ryan,owukontu@ba.gs,(386) 744-2581,50
Theodore Anderson,kiwiwbog@ap.gm,(887) 450-4388,65
Alberta Reynolds,relew@sagropa.na,(304) 838-1582,52
Mittie Francis,onvi@ted.mt,(548) 229-7081,64
Sallie Stevens,koksiwlir@pevweba.ao,(548) 657-1617,56
Glen Lucas,ov@tomi.net,(273) 698-3964,31
Randall Waters,ici@jedizu.tp,(363) 394-3974,65
Connor Kim,cejufa@obo.sb,(607) 289-1585,47
Janie Bailey,jem@wihojmeb.la,(261) 261-7452,41
Clarence Nash,epusec@de.tw,(818) 430-7535,55
Hunter Norton,bupot@su.ae,(300) 457-2207,28
Millie Steele,dadhev@kevwe.bv,(824) 235-8775,36
Beatrice Harris,cojiv@azage.cv,(504) 589-6133,28
Phillip Perkins,macvehla@arraos.dk,(878) 511-6024,59
Louise Bass,dawimhe@omkezu.sc,(357) 775-4545,24
Alvin Norton,be@pasavze.sb,(860) 410-7143,28
Clarence Wong,febda@ho.bs,(530) 333-8230,45
Marc Hubbard,nig@hov.pl,(884) 983-8885,60
Eula Lyons,donsub@zubcim.zm,(254) 268-4819,64
George Harvey,ne@rafbezob.cm,(416) 761-7956,28
Ian Barber,ofehurob@sefhoki.be,(444) 533-4292,39
Dollie Garza,lusefiub@efipokwo.lu,(905) 236-1574,64
Esther Hansen,tuvu@ciopjuc.pl,(284) 571-4729,55
Danny Fuller,peb@pohdare.al,(718) 923-8572,36
Jeffrey Jordan,soslujful@ico.mm,(811) 777-9533,23
Leon Lowe,izikufa@dot.om,(776) 252-3544,36
Estelle Fisher,hotrutluw@inna.hm,(577) 340-7194,53
Ethel Coleman,obobu@gusmani.ph,(375) 838-2161,38
Benjamin Medina,opu@veawaped.nl,(403) 882-3121,32
Alfred Glover,udasulo@woefo.lr,(729) 366-9924,63
Andre Parker,sijiprem@liruko.se,(801) 873-1858,49
Susie Hanson,locseoro@do.as,(946) 252-6381,57
Landon Peterson,ro@ar.py,(908) 410-2965,23
Curtis Sparks,lovebav@ve.zm,(927) 748-9543,61
Gertrude Powell,jipervu@rikve.ne,(881) 447-9319,52
Mathilda Bush,tu@nuop.hk,(644) 488-1784,54
Francis Hubbard,ram@zagha.iq,(815) 678-8448,60
Marc Warren,iw@pu.su,(820) 566-2419,37
Genevieve Howard,mif@rel.hr,(918) 963-7488,29
Dean Bowers,ili@ja.sr,(616) 799-9779,26
Myra Reeves,fij@cazwab.gq,(760) 580-4703,60
Steve Allen,obahuzfa@budti.km,(823) 595-8537,26
Garrett James,hopha@ata.it,(567) 627-5055,52
Allen Webb,zuazizum@uke.bw,(264) 870-4411,46
Micheal Gill,sohev@vubig.tr,(242) 965-4567,24
Hester Bowman,zuklutcu@hahfij.dk,(433) 919-7543,63
Ethan Ruiz,gudina@capim.kg,(641) 434-2754,25
Madge Castillo,lirgab@ebovacga.me,(689) 655-2383,29
Olive Wise,rolhivnup@ibekicku.at,(787) 793-6895,47
Jonathan Jenkins,ac@nienaha.ck,(876) 690-3524,47
Kathryn Benson,se@daj.ae,(438) 300-3201,59
Leila Tran,canonbuh@igope.ne,(666) 780-7680,31
Glenn Estrada,jitevhuj@zecerum.ml,(402) 221-3238,19
Timothy Huff,owugobmu@gi.ws,(720) 759-2216,61
Terry Cunningham,olub@kim.kg,(707) 543-2242,19
Raymond Copeland,talvu@hurfej.mn,(467) 796-5731,61
Maurice Mathis,ma@li.ag,(434) 345-4341,46
Rosa Moreno,su@go.gg,(256) 292-8173,41
Bruce Gonzalez,wobkawjaw@cughil.bw,(654) 377-6568,53
Mark Delgado,kovuhod@sos.td,(954) 373-7103,54
Gussie Roberson,mid@tibku.ro,(384) 255-7342,31
Charlie Burns,envimo@kiguzop.st,(201) 775-7565,34
Joshua Stevens,reipe@jeojuf.mo,(286) 216-7306,41
Todd Campbell,bojuj@wiveside.cz,(475) 762-6417,61
Henrietta Brewer,te@efominu.mm,(839) 624-1912,27
Jeff Diaz,bofdargij@dushar.tj,(735) 671-3102,22
Kate Shelton,ipinifok@cawa.at,(777) 674-4192,61
Myrtie Scott,etipa@hahe.fm,(229) 418-2772,44
Theodore Ramirez,nif@hi.cr,(676) 519-8625,23
Lucile Padilla,po@lohizeruz.by,(723) 896-4212,46
Peter Gomez,sarup@po.fj,(455) 538-3699,54
Katherine Bowen,uraligjos@di.bm,(982) 601-7187,28
Claudia Schultz,abvif@sebiran.vg,(747) 507-2898,51
Jayden Parker,opo@owrupca.sa,(631) 208-3146,58
Rena Guerrero,hi@ba.na,(432) 234-3087,56
Emilie Robinson,tulmimca@umimujzu.ki,(846) 338-6539,42
Lester Baldwin,da@emakoni.bt,(729) 458-3589,42
Francis Rose,ca@di.ie,(605) 531-7263,65
Emilie Murray,wuwdugfuc@mov.lt,(466) 553-7542,56
Elnora Crawford,oge@vaogsaj.cm,(313) 244-4646,41
George Sullivan,cu@cim.md,(343) 200-4625,52
Micheal Fernandez,coji@apidi.fj,(249) 895-8974,30
Sam Boyd,jo@soavupum.cu,(267) 674-3480,58
Lou Chandler,be@citti.pg,(511) 352-8228,47
Cameron Clayton,lotnar@aj.eu,(265) 914-4146,31
Donald Tran,elbob@coj.nz,(467) 791-8166,35
Louisa Williams,bi@ca.bn,(436) 729-1794,65
Lee Marsh,ses@zi.gp,(970) 429-4612,24
Marian Stewart,odunuub@emifosgem.tz,(907) 554-5907,37
Carrie Walker,tol@nob.vc,(861) 930-6877,63
Adele White,nownu@nairiv.ky,(453) 986-9501,40
Lottie Walker,wokoco@kute.dm,(325) 446-2820,39
Josie Romero,ironejbin@uzeucna.mc,(533) 643-5770,50
Lou Williamson,vupkusi@jo.et,(345) 561-7845,42
Verna Love,libagan@ese.nu,(619) 458-6176,58
Genevieve McCarthy,ided@wamgumze.md,(357) 853-2401,50
Mae Douglas,zaw@doeju.gb,(980) 511-6894,41
Frances Moore,raif@birwu.cu,(507) 441-3431,55
Logan Allen,oheze@butmobaj.cg,(256) 643-7532,47
Leon Dunn,il@mevitdi.ve,(204) 749-1001,57
Ernest Cross,ro@pa.fr,(930) 920-3717,44
Howard Moreno,bu@osifri.gov,(775) 800-9494,54
Vincent Barton,pebmi@berceem.st,(726) 327-9191,23
Gene Newman,roig@vanuhif.eg,(511) 924-1625,56
Fanny Phillips,bas@ga.dm,(838) 318-5517,65
Rosie Hayes,eco@ekafuwar.cv,(246) 219-4618,42
Andrew Romero,hisnordak@mopja.mo,(473) 211-4348,34
Raymond Bates,isavka@wesseggu.st,(369) 733-6393,34
Bobby Alvarado,hikmi@wu.gd,(235) 855-3042,33
Devin Carroll,facjomul@cofufej.mt,(869) 600-6015,29
Lucy Steele,hujatu@vepvuj.af,(225) 539-7664,34
Kenneth Weber,dajzet@tahvuhmaj.nc,(304) 393-4720,28
Joe Munoz,huir@puspof.af,(654) 206-9579,63
Kenneth Reed,ce@folsot.co.uk,(659) 282-8749,64
Minnie Lee,upowde@zise.an,(328) 642-9351,26
Virginia Stewart,zitsupaw@kupu.ci,(707) 684-2467,20
Marion Norton,mundoz@tubesine.cw,(678) 674-4654,39
Jesus Chandler,okobeguv@sivlaz.rw,(375) 965-7609,22
Louise Moreno,tiznasak@wam.an,(409) 545-5165,29
Mittie Jordan,nieniiwi@guklun.mq,(408) 556-1497,48
Roger Farmer,pojuruh@icekuhej.ba,(481) 687-8830,65
Johanna Christensen,ker@gebsuzu.gh,(229) 420-8452,52
Isabel Gibbs,wiw@begonha.ch,(953) 738-5049,20
Ora Garrett,bem@huh.lk,(535) 294-7901,23
Ola Cox,evevobke@joda.edu,(358) 322-1438,45
Flora Daniels,limcer@ka.ga,(918) 905-7596,33
Garrett Larson,kahitpa@ilpogbo.gov,(781) 858-4889,21
Russell Carson,ven@gav.kn,(366) 266-2430,26
Ralph Lawrence,duiju@wofki.za,(966) 569-5805,50
Robert Barnes,puf@kozar.ly,(662) 456-6907,52
Lucille Douglas,ba@bizwuze.rw,(279) 356-5410,20
Amanda Lopez,horcorpad@wanve.tn,(255) 581-8891,59
Linnie Barnett,kedu@vatadman.to,(922) 834-3335,20
Vera Tucker,rojuhaw@pifla.ml,(667) 325-8165,28
Celia Singleton,ruftu@logusis.bq,(638) 741-4483,35
Lydia Russell,hof@behaafe.py,(654) 311-9673,60
Terry Vasquez,cezovo@ke.hn,(675) 956-4427,24
Ola Montgomery,loh@dimo.co,(788) 950-7531,30
Kenneth Castillo,vizkig@va.uy,(460) 967-4822,57
Ricardo Coleman,dide@sisakidi.hk,(739) 887-5615,29
Tyler Mathis,ti@lecipu.as,(756) 300-7586,42
Trevor Wright,ze@vow.gp,(279) 262-8794,61
Lois Webb,abi@vasunuh.ck,(200) 512-4535,22
Callie Allison,za@fehadi.tt,(854) 364-9206,62
Ernest Porter,uga@mepoj.za,(327) 325-8693,57
Tony Shelton,oguwofi@jerede.fk,(926) 690-7532,39
Rebecca Gonzalez,otmuhe@husonu.nu,(707) 236-6991,41
Joshua Tran,enawidvaf@jad.dz,(970) 358-7670,21
Mark Steele,dahuzod@sim.er,(852) 438-8947,59
Benjamin Gutierrez,ril@ramhac.mx,(838) 345-7756,23
Jesse Black,cuuwsu@humut.km,(959) 569-2626,26
Carrie Bowers,ukcivlef@nehmez.gq,(662) 812-7257,34
Jane Watson,hajtar@duuw.cg,(277) 761-8764,26
Mamie Moody,paj@izico.ck,(334) 520-5956,41
Victor Matthews,da@jifpa.dz,(459) 594-7431,20
Edith Harrington,gian@ge.ua,(576) 564-6733,43
Joel Blake,rugid@ream.dm,(271) 867-4750,19
Lester Phillips,jozjag@wemwop.tn,(638) 992-9856,57
Louis Powell,cadijamub@fiv.sx,(349) 620-3672,58
Lottie Rivera,taj@amabinni.sr,(601) 733-8604,31
Leroy Brewer,liwgi@gaf.za,(355) 918-4858,35
Eleanor Neal,ogobi@mehludsek.jp,(646) 806-4224,48
Shane Lowe,majodde@akuhauno.sd,(703) 781-2115,55
Willie Arnold,kajhov@gi.dj,(546) 219-1506,40
Marion Cain,otoreiva@misceb.edu,(636) 744-3991,26
Noah Barnett,sata@mognij.mm,(204) 367-1269,51
Helena Rhodes,agvuhe@rowu.nz,(985) 553-7378,54
Austin Edwards,rafeb@kuj.gy,(263) 979-7511,37
Augusta Aguilar,hoohikub@tuwdok.ng,(409) 870-5528,48
Leo Martin,ma@uko.sy,(664) 789-5417,53
Cora Pratt,gezpac@po.fo,(950) 769-2402,63
Hester Perez,fad@erivuwe.vn,(659) 975-8005,36
Brandon Luna,obkubi@ka.ki,(737) 763-1150,26
Lena Scott,jubawul@jebrueb.ad,(737) 246-2580,27
Julian Curry,mogees@gu.com,(986) 344-7456,25
Brandon Taylor,toskajfad@coj.kz,(727) 468-8477,42
Christian Graves,hierehif@guve.co,(686) 751-4066,65
Andre Jimenez,wicogema@naregal.dk,(674) 480-4888,42
Ian Gill,jiharuve@fufoha.si,(354) 819-4046,34
Cynthia Shaw,ebudisek@mizivon.wf,(356) 985-5213,18
Olive Austin,genbav@wofugar.tm,(301) 397-7374,22
Steve Meyer,fifo@ukepi.lr,(621) 372-6968,45
Bess Jennings,zet@saika.bf,(864) 966-4433,41
Lulu Vaughn,pasopi@alkobis.mk,(201) 838-2928,18
Fanny Warren,tatgacat@uvukif.es,(661) 836-3345,43
Luke Potter,kal@hu.mx,(738) 409-6788,25
Adele Vaughn,valav@as.cn,(776) 891-1159,28
Leroy Elliott,ronovno@fop.cn,(311) 408-9150,33
Victoria Watts,dukowma@potec.fj,(572) 538-2386,29
Maude Drake,fe@pefisara.pk,(648) 932-6056,57
Christine Gonzales,zaliido@paruwrib.bf,(849) 208-7103,24
Edith Byrd,odcudfup@vilmeej.yt,(836) 455-1009,42
Lulu Fisher,kiwebnul@onadokev.ir,(930) 516-6643,24
Harold Bowman,ari@fubuz.tf,(401) 690-1046,63
Lida Walters,soroha@wuuniede.zm,(625) 976-6955,32
Isabel Santiago,teirso@ja.fk,(750) 390-7933,23
Celia Lewis,kocud@zocutve.ug,(213) 406-7860,23
Brandon Moody,wu@caf.vg,(412) 375-3924,41
Isaac Cruz,ragalku@vosecu.bw,(243) 529-5297,36
Georgia Arnold,licubuga@ifgej.tp,(866) 920-3786,27
Cecilia Saunders,senvinug@zoca.at,(606) 924-8437,33
Margaret Schneider,ve@metzarzef.uz,(560) 449-6090,54
Ella Howell,de@gerbajto.tr,(266) 238-2765,57
Jackson Rogers,it@zigu.cr,(355) 389-7869,31
John Ramsey,lactub@heb.kg,(310) 622-3310,62
Noah Gray,il@pogrip.pk,(334) 700-2396,28
Larry Carlson,eh@rud.ac,(507) 821-2531,64
Chester Horton,as@afisubig.uz,(772) 904-2105,36
Jane Tate,gemfefu@dot.bo,(576) 535-8455,45
Ella Olson,gepkel@zooneic.tv,(440) 527-9322,24
Jerome Richardson,risome@olapesruc.mw,(945) 834-3601,60
Mathilda Daniels,bo@juwi.ms,(941) 814-5766,18
Mable Curry,ewlo@iju.ee,(459) 948-7173,62
Isabelle Gill,nivbepos@fakjukag.et,(347) 302-1185,38
Lula McKenzie,comvo@raw.lk,(354) 238-7259,29
Christian Curtis,haulate@civrebos.ro,(601) 472-2941,41
Delia Rose,ik@ilezan.nc,(914) 279-6046,50
Rosie Bailey,mam@basubimi.uy,(301) 954-2103,22
Ernest Parsons,kolhiv@iwwuwa.bq,(921) 849-9969,22
Nettie Duncan,bazelzih@niltufug.ke,(964) 433-4690,45
Eva Smith,itamaoci@hac.pm,(621) 649-5425,38
Kenneth Mack,kefhuf@fojve.cc,(543) 835-7496,65
Marion Willis,gad@tebtu.au,(949) 538-3034,38
Hulda Vaughn,re@nezokvuh.hm,(963) 272-6282,59
Marvin Lawson,oni@hoji.bw,(437) 850-1831,61
Eula Mitchell,ziah@ohoac.gm,(407) 519-4040,57
Lelia Wallace,nu@tedaj.sg,(369) 377-4005,28
Theodore Walker,larzu@rubgajtis.se,(603) 991-5954,29
Mary Aguilar,julsu@igabim.me,(335) 477-6271,41
Olive Mendez,uljuum@uhade.af,(906) 986-8094,18
Eunice Jefferson,kimedfuf@fege.ki,(511) 865-4500,43
Jordan Hunt,zag@otolgaw.tv,(214) 249-9626,61
Marian Gibson,digitep@zodritos.kr,(461) 739-8747,41
Patrick Singleton,umas@vitnomneg.pr,(861) 924-9619,30
Marguerite Wilkerson,rivoek@hoko.an,(821) 428-9301,60
Theresa Fitzgerald,ropemted@nopze.es,(457) 437-2571,40
Carlos Walters,udko@kudfem.kp,(405) 565-8814,28
Elizabeth Wright,tek@sesig.fr,(570) 351-4775,43
Inez Gross,mofijec@po.uk,(842) 643-5930,48
Andrew Rodriquez,su@he.iq,(208) 481-6044,65
Jeffrey Neal,ic@kaf.mh,(853) 303-9154,43
Lucile Thomas,elle@nojre.pe,(444) 512-1053,41
Violet Massey,kesedusi@bufaco.lu,(619) 911-1884,54
Arthur Hubbard,fisfoptow@sidfiwifu.il,(282) 872-4100,22
Billy Stanley,owit@om.uz,(455) 464-1489,19
Kenneth Norton,bab@fa.sm,(415) 754-6767,25
Max Wolfe,afroj@rizik.sj,(344) 930-5641,47
Chris Romero,rapuj@ojjah.de,(642) 737-3209,41
Matthew Keller,nawaha@girikur.ec,(865) 346-9042,54
Rachel Jordan,jijkid@mulumeuse.ve,(321) 909-6598,20
Duane Robinson,gorupi@oduwit.nl,(524) 299-3103,20
Curtis Byrd,zudivaf@gu.gq,(662) 433-8960,50
Ralph Coleman,razec@owzi.gw,(344) 258-7745,54
Callie Wilkins,vawuh@luvkumji.na,(426) 254-6893,36
Ola Nunez,kowjav@penbiru.ni,(903) 676-9868,23
Eugenia Rose,joluk@oseumbaw.gf,(383) 705-6989,63
Delia Hale,fewoag@ku.pl,(674) 755-8718,31
Alice Castro,pealsu@tag.gi,(874) 780-6106,22
Tom Bryant,buoso@mofseiro.td,(421) 759-4750,42
Ruth Floyd,gewpiluv@watkulit.ve,(530) 667-6413,26
Vera Crawford,ut@moaga.tk,(961) 844-6623,36
Theresa Brooks,afduvi@gubkefmoz.my,(626) 818-5829,64
Aiden Gardner,amose@etolaobu.au,(872) 918-6920,55
Dollie Warner,nuubaro@fika.eh,(880) 531-5564,65
Adam Floyd,ju@lebehzus.re,(878) 673-1761,35
Bruce Johnston,mupcu@peekiad.net,(985) 310-9741,37
Steven Silva,ge@ro.ad,(318) 225-9281,56
Sadie Dennis,rebe@minuj.th,(779) 643-1740,33
Johnny Gordon,al@nuw.cm,(925) 698-8294,25
Cecilia Chandler,afijioko@ne.eg,(849) 935-2667,39
Jeanette Kennedy,falem@juw.vn,(451) 233-2555,22
Lillie Bell,vepefpek@gob.ao,(404) 445-8720,32
Rosa Medina,acavbol@memzes.dj,(824) 848-9399,63
Leon Simpson,zanmeone@uw.ky,(566) 641-5974,49
Caleb Torres,me@wew.tr,(364) 371-7993,50
Vincent Rowe,ziz@ulemajor.ck,(323) 796-7358,41
Stella Blake,pavazhum@ju.by,(344) 295-7083,22
Albert Tyler,ta@ji.ro,(637) 475-7115,37
Daniel Davis,ni@nafwu.bb,(489) 867-2949,23
Genevieve Moore,esgin@kuzileina.com,(506) 661-3640,64
Jesse Gardner,if@odaonecig.hm,(976) 370-1342,35
Tony Barton,woovajem@owe.tj,(767) 353-5643,21
Cornelia Gregory,itcuzlo@kapmov.pg,(276) 674-9643,22
Josephine Mendoza,guzulep@lase.mc,(942) 464-2179,65
Matthew Hill,kior@ahraw.cn,(668) 559-4361,51
Leah Boyd,pebin@kipeheg.org,(205) 944-4873,21
Kate Hanson,ozavidge@et.bn,(278) 964-4003,50
Juan Salazar,tofabe@ve.nc,(504) 732-6887,34
John Pearson,mege@raide.iq,(507) 268-8096,53
Robert Wheeler,ca@lop.pl,(770) 593-7041,25
Mable Olson,as@doklepi.sj,(369) 328-4851,53
Francis Ruiz,biwcudwec@uhorur.io,(668) 890-7261,46
Jeanette Garza,sitoc@jelawwe.it,(407) 365-3910,50
Raymond Hardy,ikos@ow.mx,(485) 762-5522,30
Kate Brown,kaigoje@zorcanet.iq,(381) 969-4192,60
Cecelia Massey,sise@upawirez.gi,(482) 293-1496,48
Henry Holloway,fag@utucu.mz,(407) 340-9577,24
Frances Baker,uzi@fieku.sk,(780) 755-5747,27
Gordon Gibbs,jafmeiwo@sedoseha.de,(339) 531-8980,37
Evelyn Rowe,osecoppic@ricufaru.sh,(588) 523-5323,23
Edward Sims,udnabuke@gebge.at,(837) 928-8738,18
Nannie Maxwell,eharu@wowavzaf.va,(877) 325-7046,31
Lettie Castro,op@mowet.li,(645) 768-2517,44
Lida Cummings,jaabaso@ap.gl,(664) 687-6902,61
Brandon Guerrero,owjo@amusisnup.ye,(954) 615-5868,51
Angel Jenkins,nitunogel@hidwencuj.uz,(571) 960-2991,45
George Crawford,sok@bohimap.uz,(759) 649-4998,22
Cornelia Aguilar,jut@gofpasuk.wf,(472) 430-6993,43
Effie Duncan,vahwa@ze.pw,(262) 240-2351,25
Claudia Cobb,romoeb@dajodtu.pl,(526) 501-2581,60
Bernard Hogan,kuron@bozukin.vc,(922) 280-6531,61
Rhoda Evans,kutuke@doewne.dk,(200) 370-9596,65
Mathilda Price,tizol@wophi.fi,(980) 978-3155,18
Cecelia Ward,vezzehde@sisuh.co.uk,(741) 757-3432,54
Kyle Brock,jilup@jahoc.vc,(948) 837-9352,31
Lizzie Joseph,mu@ses.lt,(977) 247-8308,52
Amy Goodman,biazeor@nidulem.bg,(824) 838-8114,63
Ronald Simon,ru@opavota.bg,(507) 784-1163,42
Rosetta Davidson,ceda@haasu.cx,(300) 374-3897,58
Amy Morton,agoho@ihsol.tf,(477) 314-8321,52
Belle Craig,caubozur@ecif.pf,(837) 712-9203,35
Scott Keller,sotguvok@pehaped.sm,(867) 984-7567,42
Gene Manning,deh@ru.ml,(303) 750-8309,29
Addie Wong,gowajala@om.ki,(973) 474-2475,29
Chris Russell,on@pippaz.om,(500) 662-5274,56
Mitchell Flowers,vokuflel@samevno.gs,(488) 376-6877,53
Rhoda Craig,vegaj@ruod.bw,(430) 910-6212,34
Jerry Lambert,nof@ez.gp,(389) 266-6812,59
Mario Mack,mejpa@ka.ga,(719) 924-6340,55
Mark Fleming,escawito@wehuvevi.gf,(272) 354-6754,22
Hester Fields,sutegju@ic.mq,(864) 356-3789,34
Chase Terry,ili@oro.je,(935) 997-2574,25
Eliza Bass,cicejhot@nihoroot.kz,(765) 489-7268,28
Shane Sanders,tiwrobdew@narsu.it,(876) 877-3013,44
Kevin Morton,gedezu@fubol.bf,(930) 708-4065,52
Jerry Barnes,apa@esiitsaw.qa,(545) 813-1719,29
Samuel Miller,gugdavet@jivac.km,(213) 892-5738,24
Irene Welch,tuwrile@wac.sh,(952) 760-6125,65
Clarence Coleman,puva@felilpe.ug,(972) 719-8533,62
Herbert Stevens,zagnav@sov.bs,(565) 409-2457,33
Myra Washington,ami@cebeje.cu,(835) 212-9952,26
Genevieve Hill,li@temigu.eg,(777) 358-5296,39
Elva Stokes,lawcu@takil.ac,(261) 739-5970,33
Bradley Wade,vala@pagi.tp,(850) 442-6725,40
Hester Davidson,za@jago.gn,(626) 272-8006,35
Lou Garza,ge@kefji.bn,(488) 279-3453,55
Lola Hart,liwu@pabzo.bn,(335) 906-3031,26
Aiden Pierce,jazpat@pig.iq,(551) 802-8101,27
Ida Goodman,do@niap.kh,(504) 463-7074,44
Jared Burns,jular@hod.gt,(554) 748-7655,49
Jack Dixon,kamse@camalnek.fm,(263) 644-3031,27
Adrian Norris,roariaj@ru.sd,(648) 550-9113,28
Bess Hernandez,ezra@awdegdad.mu,(865) 444-7148,57
Bernice Long,du@hingi.ch,(915) 815-4896,39
Dominic Newton,kacrissad@feuzuow.my,(849) 641-7459,50
Mildred Douglas,cepican@hi.an,(232) 204-9525,60
Lucille Gonzalez,vujobmi@se.cd,(910) 501-6353,51
Maurice Cain,poci@bicorda.bf,(939) 420-1340,65
Fred Craig,vezal@tigvuspa.mh,(789) 211-8504,28
Amelia Kennedy,zaviva@re.mx,(830) 849-9516,57
Jeffery Webster,ulaot@sabib.py,(487) 413-8697,58
Ivan Larson,zad@ba.sr,(604) 324-9260,43
Margaret Martinez,roc@bukho.ms,(525) 204-8159,24
Callie Bates,petudi@su.sk,(764) 764-2842,21
Iva Jackson,kowiiwo@voswaji.mp,(440) 400-2018,62
Leonard Allison,le@vaj.sb,(200) 978-4802,21
Lettie McGuire,tuvuf@ho.bw,(372) 356-3007,38
Flora Allison,efeci@webocuc.ni,(541) 920-4686,26
Cora Farmer,wanor@bigotbij.gh,(721) 411-4183,57
Rebecca Wood,wilnibfof@ho.gr,(805) 567-5251,49
Clayton Olson,leja@loseh.pr,(914) 212-7733,37
Annie Wilson,kalama@tab.dk,(978) 772-2416,40
Zachary Lindsey,mi@nenca.mv,(787) 257-2775,47
Derrick Gross,ritwo@rihafjul.nc,(427) 615-3171,39
Glenn Richards,ujoaggak@su.af,(954) 545-8810,58
Alma Black,lu@jiw.eh,(637) 247-5169,37
John Kelley,helduc@su.si,(222) 722-5271,29
Hulda Rogers,la@kilarof.bz,(733) 667-4041,25
Antonio Hunter,uk@joholdi.fo,(237) 999-2047,37
Ronald Pratt,tarahog@bafapilo.my,(611) 702-3731,37
Chris Quinn,giwsat@fir.om,(460) 581-4668,35
Mario Ingram,ida@memcopkas.vi,(553) 827-9864,31
Johnny West,goglim@zuiga.gw,(639) 965-8709,58
Joshua James,geli@loija.co,(988) 299-5738,57
Alma Gutierrez,ti@puhigog.ch,(781) 841-7695,48
Lucinda Cummings,ozojilo@fog.gf,(716) 322-3054,23
Elsie Fisher,gul@so.cn,(479) 723-7382,26
Marguerite French,domabe@zep.bs,(785) 407-6236,53
Bryan Swanson,jespazi@had.fk,(963) 748-4452,29
Verna Paul,acfeuz@levome.tr,(471) 420-8900,53
Sallie Young,acseho@voufbu.ph,(779) 552-1773,48
Grace Sherman,seolosej@ufvito.fr,(853) 708-7453,27
Jerome Pope,cohnubva@ijoafuda.gi,(215) 919-5928,29
Nathaniel Colon,sadin@ra.kh,(526) 314-8938,55
Brian Cross,mahwus@fu.to,(346) 999-9767,32
Herbert Higgins,culebuf@fevov.uz,(400) 514-3360,42
Dean Rogers,umularvaz@sejpear.al,(378) 256-3585,28
Zachary Ramos,adesetumo@kopizul.im,(987) 982-8221,36
Maria Robinson,acajagcip@oz.gu,(784) 865-6582,56
Willie McGuire,pejweg@rolul.ge,(584) 317-4806,62
Travis Garrett,kuzhe@vag.ve,(351) 481-8418,23
Mollie Andrews,mosu@ogkijo.it,(334) 971-9960,25
Dustin Fitzgerald,ukget@vep.is,(427) 914-4185,59
Jennie Mendoza,umaal@gozuraca.pg,(683) 315-1875,54
Virginia Obrien,ij@vejkig.er,(914) 886-5556,27
Eric Patrick,uphode@kodef.ls,(813) 898-9236,20
Lelia Morris,gim@wacijij.lu,(451) 841-1010,28
Mollie Powell,wumtucu@ne.ck,(218) 900-7887,52
Cora Greer,vusonid@adubo.vn,(870) 874-8011,30
Ophelia Alvarado,dojbu@bimuk.bt,(606) 333-7788,48
Mattie Holmes,humohaehe@ora.pe,(736) 352-9137,44
Leona Alvarado,gaafa@ezvohfu.kp,(842) 437-4455,35
Zachary McGuire,miz@rugsuw.tt,(984) 433-7974,57
Tony Holland,juvhipjuw@cejhukeh.by,(309) 665-8118,30
Madge Ray,sa@javud.dk,(973) 818-1917,36
Essie Bell,avuvabma@has.vn,(500) 821-3647,64
Marguerite Keller,ruka@fusmim.ge,(615) 289-7037,18
Herbert Blake,pimdodkeg@cuj.jo,(448) 270-7189,65
Violet Nichols,zokces@cuuci.hn,(878) 987-8442,58
Randy Wilkins,ajo@ku.kr,(649) 760-3901,22
Jeff Duncan,weij@haf.jm,(408) 997-7821,51
Martha Jordan,lavsot@wo.sg,(950) 703-1087,59
Cody Gutierrez,sep@za.com,(565) 995-8996,30
Amelia Martin,orewocum@ge.cn,(634) 876-3312,34
Callie Rodriguez,ij@bapow.ai,(636) 496-5066,28
Jim Baldwin,abaudab@pe.ws,(609) 613-3945,34
Nannie Greene,metkac@fulufi.ng,(766) 436-3292,40
Jeff Sullivan,na@zigwug.be,(574) 864-9202,32
Martin Rodriquez,jumib@vab.fr,(218) 654-1297,34
Richard Gill,gufok@ipurusud.dj,(462) 474-7494,49
Clifford Bass,bifim@azu.gh,(920) 498-2020,55
Eleanor Henry,iz@ziczaztar.ax,(559) 882-2060,19
Matilda McCormick,tuc@juh.gw,(502) 554-9328,49
Maude Davis,obeuwac@iso.ma,(771) 380-2983,23
Kate Wright,ep@ulwiram.pr,(955) 448-6945,23
Nathan Clark,za@pebe.my,(706) 257-5014,39
Maurice Hawkins,eka@hugo.tc,(581) 466-6870,39
Rhoda Montgomery,pode@zis.tg,(624) 603-2806,46
Mario Jennings,ikkewim@pucfamli.ac,(326) 963-5181,34
Danny Fleming,asugi@wirtin.at,(671) 430-3846,39
Charlotte Snyder,hurorkug@al.nl,(539) 854-2256,50
Mattie Young,pipvok@owuidhap.mw,(377) 372-2356,61
Anne Obrien,kunumuga@kesnaf.iq,(578) 686-6861,62
Leona Jefferson,gavkedil@worjipi.as,(528) 952-2982,25
Louisa Daniels,hipek@hichafi.ba,(323) 439-1504,28
Kyle Tyler,kafi@sa.nl,(706) 965-3339,40
Katharine Cummings,gautahar@pumwe.mm,(763) 715-4258,31
Etta Carter,pazba@em.fm,(814) 506-4485,30
Clifford Wilkins,ke@soh.pt,(819) 407-5486,50
Mary French,daghuvav@roj.lr,(209) 820-9729,51
Keith White,vi@lokkawi.sc,(422) 641-5169,29
Sophia Sanders,gi@obakanel.bn,(667) 348-1814,48
Seth Reese,kewujmu@sablibu.ru,(243) 867-3045,55
Elva Dennis,to@vu.pf,(269) 672-2394,59
Leo Nguyen,re@mizror.ch,(824) 476-5424,48
Viola Bryant,tar@wij.ru,(759) 874-7227,22
Ryan Soto,manosu@gi.mo,(721) 333-1543,48
Mason Romero,befivra@gapicpa.gov,(707) 562-4606,63
Philip Chandler,emedimho@vafjeju.mx,(841) 852-5618,55
Sophia Holt,jobaj@hibapok.tz,(441) 213-1464,38
Eliza Kelly,tohbenci@an.id,(413) 475-8201,52
Larry Aguilar,mef@wijilu.cm,(357) 937-4732,48
Rosetta Schultz,hito@movvines.ht,(989) 938-3046,37
Eula Patterson,pop@at.af,(900) 760-9430,41
Mario Underwood,duliwlec@ladgucco.tc,(372) 656-7756,63
Earl Rodgers,resab@didcuwo.th,(639) 393-8640,55
Walter Rogers,det@han.kz,(781) 472-6383,28
Mitchell Baldwin,bazuic@vozzipcoh.cx,(821) 285-6665,40
Emily Rodriguez,ivuaca@maja.tz,(547) 555-4059,57
Cynthia Ryan,hos@motnovel.org,(420) 982-7532,30
Frank Blake,nuneepi@bos.ac,(650) 336-1988,63
Harriett Baker,zuelfo@ohitib.sv,(540) 836-8120,44
Maria Mann,pih@zow.sy,(946) 865-5424,64
Belle Robinson,dagagho@kicpucpe.az,(835) 712-9518,32
Pauline Perkins,japrutzo@fo.lt,(376) 728-3211,47
Dominic Bennett,sibme@ul.tg,(941) 279-5381,47
David Parker,onbucu@lis.fm,(289) 289-7546,48
Anthony Powell,kodedel@pojhijok.vc,(254) 844-1015,41
Elsie Drake,zofu@wuc.ch,(219) 793-2345,50
William Reyes,momoblen@bo.py,(381) 752-7238,26
Stephen Morris,ajja@koojhi.gs,(734) 316-8748,40
Leroy Allen,fimvala@dibe.eg,(345) 322-9899,18
Minnie Mitchell,itifo@ro.im,(564) 648-9225,27
Tillie Bass,si@ganosi.iq,(412) 860-6003,65
Susan Dixon,saaviez@me.edu,(657) 708-3116,58
Gregory Underwood,zib@fo.ht,(514) 312-3019,65
Adele Bennett,wocruvmoj@co.at,(810) 251-2714,41
Bess Hudson,vacatu@on.es,(380) 985-6123,53
Gavin Webster,ectitaj@mazsu.ge,(380) 714-5669,43
Manuel Zimmerman,wamgim@giikla.bb,(670) 506-8729,64
Lucille Klein,noneraig@rolah.ng,(705) 366-9714,35
Todd Bowers,cagtukbu@kitafgit.gp,(547) 530-8207,38
Harriet McCoy,vim@azis.cv,(488) 851-9490,63
Henrietta Figueroa,niabituc@li.tc,(242) 687-3389,19
Lina Maxwell,fu@ceec.jp,(951) 410-8134,50
Ralph Cortez,le@na.ls,(851) 225-6286,33
Lucile Barnes,ondovu@aw.fk,(574) 345-2759,54
Cecilia Mason,fu@jaah.ua,(721) 710-1837,63
Jonathan Watkins,bapuj@si.tg,(625) 609-4367,34
Nellie Wells,harione@zomuj.pa,(410) 663-3274,43
Wesley Ruiz,vennas@cezo.ck,(875) 982-7125,54
Amy Parks,nuwemal@muas.sh,(364) 773-1318,38
Marc Flores,ug@suuwbi.id,(661) 856-6227,57
Kyle Reynolds,zitoj@uciwin.ye,(765) 517-3349,52
Robert Patterson,akifiwmu@wabbipha.sx,(317) 660-9548,61
Caroline Lowe,ci@ge.sd,(872) 580-3162,48
Albert Sherman,kolgiv@jizzojses.kn,(782) 717-7403,45
Viola Miller,zavu@lum.si,(557) 476-3522,30
Clyde Carter,surevzo@ke.gb,(615) 739-4057,58
Trevor Johnston,ako@irgoh.kg,(404) 432-8072,46
Nathan Torres,nizief@movarpom.sv,(355) 739-3345,55
Maria Stevens,cetuah@gewaup.sa,(255) 747-5378,33
Lottie Potter,ep@rij.et,(623) 875-3195,57
Aiden Thornton,lu@ihtiruz.sb,(239) 850-2394,28
Louis McBride,vavto@olatilnam.be,(484) 501-1163,18
Marc Thompson,ezejo@bed.nz,(672) 986-7968,21
Tom Green,tupavil@tucoiju.ci,(223) 578-3636,61
Jackson Bush,vekwosme@fuhidvek.kg,(289) 583-9356,49
Sam Berry,tuz@bandal.tg,(400) 846-4923,41
Julia Peterson,aruteda@saza.gn,(617) 242-6222,51
Virgie Jacobs,va@matop.ls,(223) 719-6222,22
Emily Sims,papni@jogzal.us,(420) 866-2762,34
Jeremiah Mack,tiwvi@coasju.tz,(586) 770-2835,31
Bertha Cross,pupaowa@ofipafbe.gov,(926) 506-9949,62
Victor Gregory,lapdiw@dutsep.ye,(506) 564-8091,36
Ruth Martinez,bo@jipekwob.ps,(865) 409-5199,47
Blanche French,kovnag@uveoc.no,(683) 291-7241,36
Jorge Griffin,fefnud@wipoz.ad,(428) 754-8873,35
Lillian Goodwin,lahap@sub.gl,(281) 347-2868,59
Belle Spencer,sis@lata.io,(630) 612-8702,53
Nannie McDaniel,egomo@ji.bb,(884) 987-4457,30
Aaron Gardner,jedu@cotfoak.se,(308) 761-6184,29
Raymond Fitzgerald,ze@endaf.gy,(272) 561-1297,20
Rosie Bradley,kiz@bajru.ni,(987) 338-5163,21
Stanley Newton,fejtu@tunzubkut.cw,(644) 598-5677,26
Kenneth Knight,gi@duhze.ph,(768) 948-5144,34
Gavin Mann,cogtofe@dukaga.mk,(761) 689-3472,60
Carrie Fowler,okupaowa@dacsaos.fo,(476) 737-1736,18
Francis Griffith,roocieme@cancuwu.tz,(257) 977-9964,65
Howard Taylor,ze@kaw.lk,(646) 970-3255,22
Georgia Baker,bipahdo@dogbuk.hr,(587) 215-3180,51
Jerry Potter,gu@cinak.bq,(901) 455-9586,41
Lenora Martin,pif@cigda.fm,(743) 841-6281,24
Duane Holland,zojdedi@nupdi.mq,(272) 873-6263,64
Sadie Bailey,nujzufti@hivutagi.ms,(633) 735-6098,65
Cecelia Morton,uliwapuv@luhud.as,(668) 277-2032,45
Lloyd McKinney,us@hos.is,(671) 840-2348,27
Mary Wells,joamu@rewe.gl,(313) 801-1400,58
Lily Houston,adatej@ja.ro,(310) 455-7458,25
Barry Stephens,nar@mamag.kp,(302) 538-9297,43
Mario Obrien,pugtoke@kusobme.cc,(675) 786-5317,28
Cordelia Woods,bi@dopu.gp,(403) 344-6603,48
Leon McCarthy,fof@dekerkab.kg,(520) 706-5079,29
Betty Holloway,jiw@wih.zw,(681) 414-4924,22
Winnie Moran,gazpuw@golpohra.wf,(934) 747-9139,24
Georgia Ellis,wod@pinjef.ss,(902) 374-8750,64
Gilbert French,zad@ake.gt,(452) 368-5411,19
Mollie Banks,sacusi@sogogaba.mw,(807) 402-9375,61
Viola Sims,vabwu@gob.er,(470) 957-7686,22
Florence Torres,alonamaj@lunac.ax,(573) 811-1737,43
Lillie Johnston,ubi@fi.nu,(659) 608-5332,41
Garrett Holland,kava@uva.lc,(788) 806-1476,20
Sadie Hodges,lu@mivi.bv,(776) 379-6767,20
Winnie Ortega,bomza@he.sm,(686) 785-3781,62
Hulda Weaver,lopzitag@po.td,(524) 251-2694,28
Lettie Gibson,tufidbef@bov.cw,(252) 241-1781,19
Tillie Zimmerman,uniib@dubukmul.mr,(719) 974-6287,63
Danny Snyder,pegrachij@nitjegus.se,(474) 336-7062,39
Iva Coleman,zuuletuv@per.tv,(452) 494-3389,53
Hettie Frank,ihwuget@cemlebmiv.lk,(911) 919-3754,40
Edwin Graves,af@ew.cw,(822) 872-9556,28
Christian Reid,alawaw@awaekhuw.ws,(412) 349-5946,62
Timothy Schmidt,arwugvi@vet.cc,(800) 817-8441,32
Sean Nguyen,niktit@du.ae,(356) 942-2589,59
Jack Becker,memibsun@hibfutu.us,(235) 298-3580,34
Earl Santos,hunmosbe@awton.ly,(543) 963-1414,52
Jesse Duncan,cajodo@datmuim.by,(307) 787-5280,64
John Burke,uzji@po.bw,(262) 783-4630,51
Elmer Norris,zobadka@wuhbejil.ae,(275) 479-7212,44
Dylan Salazar,lubtokwi@gosoj.gr,(566) 471-3378,20
Michael Clarke,cekeka@nafpud.lr,(703) 314-3500,54
Fanny Graves,hu@cefep.is,(817) 748-2379,21
Frank Erickson,ca@miwnig.ms,(918) 741-9280,35
Gussie Hampton,hehtogi@osbukdac.vu,(533) 513-3274,26
Inez Stephens,pi@ruwoven.hr,(767) 201-6552,50
Elva Henry,fi@pi.kg,(537) 773-3557,52
Lola Bowman,ri@jeelimot.in,(358) 309-4255,26
Lettie Pena,oba@vocopebu.kn,(485) 256-7475,36
Brett Stephens,ki@ado.er,(940) 792-1169,63
Cole McDonald,opa@jujij.nr,(255) 740-3625,36
Danny Haynes,tarezpap@kinopat.tv,(551) 902-3623,51
Louisa Flores,ucor@na.sh,(542) 434-4907,28
Estelle Welch,amu@veldi.tt,(853) 329-2608,21
Andrew Lane,lib@zilenjak.mt,(635) 407-1349,32
Duane Bryant,di@foip.lu,(848) 892-3865,57
Mable Jimenez,pucpi@iwosirfa.vn,(736) 589-9728,55
Joe Powell,zu@nafig.gt,(223) 589-7381,42
Helen Carr,ur@faut.li,(837) 386-6010,40
Mable Neal,emuga@esilanco.lc,(427) 229-7683,41
Hester Harmon,dukadihu@letwinile.jo,(676) 559-7268,63
Sarah Hubbard,hum@ok.bt,(665) 574-1613,40
Donald Clayton,cebojneh@pe.es,(644) 391-7089,28
Alex Clarke,faelo@sibwi.gs,(433) 723-9327,53
Shane Jimenez,revobkuh@kumsu.dk,(907) 977-4490,52
Warren Henderson,kissilmu@na.pg,(716) 989-2635,53
Jean Dawson,ta@goke.jo,(842) 444-8257,28
Augusta Palmer,cutof@izwof.bo,(230) 251-6761,37
Nancy Reynolds,ba@eceka.md,(948) 838-7672,56
Mabelle Carlson,sohdelaz@zas.no,(586) 753-8533,30
Dollie Mitchell,vewsizze@udijap.mr,(981) 658-6112,58
Cora Waters,anu@wagsu.pg,(771) 750-8227,37
Bernice Rivera,go@fof.ne,(275) 890-7154,24
Devin Ortiz,limor@of.et,(621) 518-1261,48
Eliza George,besjimud@fogdedu.bq,(613) 789-5257,35
Brett Gibbs,udutuome@fodrugez.bs,(759) 792-6046,63
Nell Crawford,watota@gap.cr,(916) 429-6202,64
Christian Crawford,guatidof@rod.ac,(667) 242-3812,40
Teresa Rodriguez,nubol@unorew.gm,(889) 790-5041,42
Todd Blake,rigbem@bonsemji.ee,(338) 542-6766,45
Daniel Stanley,du@awuzat.ar,(252) 302-2488,65
Caleb Sandoval,ihuuce@li.mn,(574) 662-2571,23
Tom Mullins,eco@pun.kr,(823) 528-6121,57
Beulah Hogan,asisakos@heuce.mu,(377) 283-3109,64
Don Romero,sope@gim.hk,(346) 386-7767,57
Estella Perez,ufile@luhhizkoc.td,(445) 559-9922,37
Juan Cruz,ago@jojseheb.tr,(844) 815-4095,39
Kathryn May,ra@fethotot.gu,(489) 685-2124,22
Frederick Davis,mew@ki.ye,(944) 339-6844,46
Mildred Hammond,janohi@ocnuwe.ma,(824) 819-9167,26
Joseph Clarke,musro@wujhac.ro,(689) 808-4205,38
Winnie Ferguson,fujgulweh@ed.ve,(918) 712-3848,52
Juan Farmer,nomi@em.tw,(403) 572-7107,43
Susan Barber,zu@wufeizi.pn,(743) 753-7982,37
Amanda Snyder,jassebo@opdecad.uk,(945) 224-7523,39
Lilly Williams,nojzidiv@tafalvej.vi,(276) 663-1347,65
Aaron James,gukvavjo@nufsoh.mn,(406) 588-4587,61
Rosa Pena,tutgizpuc@jamad.bn,(589) 276-7916,57
Ophelia Stevenson,gabsez@cenuzpip.at,(654) 271-9970,58
Bertie Boone,enipi@cikmes.kn,(449) 951-2768,57
Alta Reese,tebefi@vilasi.cr,(932) 810-2570,50
Owen Beck,zatmu@famonku.gy,(644) 383-1945,24
Carrie Cross,beug@su.hr,(951) 739-8266,38
Phoebe Owen,giva@vo.ph,(912) 937-2412,45
Barbara Carr,fezikmig@neptovud.md,(222) 932-1923,23
Bertie Clarke,ve@fopi.cu,(337) 462-4989,22
Fanny Beck,il@fubir.om,(844) 607-4181,56
Sallie Sutton,orita@dusektir.mn,(529) 971-1914,48
Marie Carson,wosu@pek.se,(346) 809-7423,58
Adam Neal,goudoka@gow.il,(953) 327-9140,55
Isabella Webb,orzuuje@to.af,(749) 673-3644,46
Mike Weber,piwjes@nedci.ls,(516) 515-8965,58
Edith Stokes,tovdaere@cuf.je,(471) 617-4242,41
Lawrence Castillo,pigfojdi@apumejelu.bm,(657) 612-8428,35
Jeffery Russell,neviz@uzulon.ss,(449) 902-7671,38
Ryan Banks,tab@owzadij.aq,(518) 556-5363,36
Dustin Perkins,apubahduf@veip.fm,(377) 244-7561,35
Ian Santiago,nekad@du.ai,(440) 242-9357,59
Adele Cunningham,we@ufa.al,(376) 413-8340,38
Clayton Wilkins,honoga@dow.gi,(920) 523-8018,45
